id,isbn,titulo,autor,editorial_id,genero_id,anio_publicacion
1,9789875666471,Cien años de soledad,Gabriel García Márquez,2,1,1967
2,9789500431321,El túnel,Ernesto Sabato,8,1,1948
3,9789871220721,Rayuela,Julio Cortázar,3,1,1963
4,9789500428598,Ficciones,Jorge Luis Borges,7,1,1944
5,9789500746654,La casa de los espíritus,Isabel Allende,2,1,1982
6,9789875666495,1984,George Orwell,2,2,1949
7,9788445071407,El señor de los anillos,J.R.R. Tolkien,1,3,1954
8,9789506442123,It,Stephen King,1,4,1986
9,9789875666501,El nombre de la rosa,Umberto Eco,8,5,1980
10,9789876378120,Sapiens,Yuval Noah Harari,1,6,2011
11,9789875150536,El principito,Antoine de Saint-Exupéry,9,9,1943
12,9788420412146,Don Quijote,Miguel de Cervantes,3,1,1605
